Node1,Node2,CommonNeighbours,AdamicAdar,JaccardCoefficient,PreferentialAttachment
1,2,8,0.31204513079327856,0.1702127659574468,684
1,3,13,0.5303831344094292,0.23636363636363636,1152
1,4,11,0.4688702005699949,0.22916666666666666,828
1,5,7,0.3892307396806668,0.16666666666666666,468
1,6,6,0.2318694706838926,0.14634146341463414,396
1,7,20,0.9388658687963618,0.3125,1728
1,8,7,0.35895666434072016,0.1590909090909091,540
1,9,16,0.723243709468994,0.32,1080
1,10,3,0.03564814814809377,0.075,252
1,11,3,0.09173789173728905,0.07142857142857142,324
1,12,3,0.049297573435374595,0.06818181818181818,396
1,13,16,0.7128865097982598,0.32653061224489793,1044
1,14,11,0.33066981455017785,0.23404255319148937,792
1,15,10,0.4244660352391723,0.18181818181818182,1044
1,16,5,0.159442500970973,0.13513513513513514,216
1,17,7,0.19598271300789077,0.175,396
1,46,3,0.09173789173728905,0.07317073170731707,288
1,73,4,0.11876491876424303,0.10256410256410256,252
1,74,9,0.2896421695321708,0.1956521739130435,684
1,19,8,0.2755763385285896,0.16326530612244897,756
1,85,9,0.27226051239106114,0.225,468
1,75,3,0.04184184184175782,0.07317073170731707,288
1,18,12,0.4491082223390581,0.2033898305084746,1260
1,38,13,0.45982547059915024,0.25,1044
1,35,7,0.17343059620928997,0.14893617021276595,648
1,37,35,2.282758501490677,0.25735294117647056,4860
1,36,7,0.32556702470225274,0.16666666666666666,468
1,59,12,0.5099709987838039,0.21428571428571427,1152
1,94,11,0.48705433211719407,0.2,1080
1,45,35,2.282758501490677,0.25735294117647056,4860
1,112,6,0.13975850850810462,0.14634146341463414,396
1,70,13,0.7096451391220315,0.21666666666666667,1332
1,44,6,0.1347142401017891,0.13953488372093023,468
1,90,9,0.2990310615296861,0.1956521739130435,684
1,69,13,0.43015883595591775,0.26,972
1,68,17,0.6125995139580075,0.3090909090909091,1296
2,59,15,0.6535320673443062,0.4166666666666667,608
2,94,16,0.7181154006772086,0.48484848484848486,570
2,68,12,0.47342032966795694,0.27906976744186046,684
2,69,11,0.3583219533863532,0.3142857142857143,513
2,56,9,0.34267787524186855,0.2903225806451613,399
2,85,8,0.23591524216432957,0.3333333333333333,247
2,86,7,0.18267450142391942,0.1794871794871795,513
2,84,11,0.44175703682046513,0.3235294117647059,494
2,89,9,0.3282293607936615,0.4090909090909091,228
2,48,9,0.3817180504657962,0.34615384615384615,304
2,76,7,0.23823005697885768,0.21212121212121213,399
2,88,8,0.2858491045976786,0.26666666666666666,361
2,47,6,0.16967592592523842,0.21428571428571427,285
2,32,2,0.014814814814803842,0.05128205128205128,418
2,22,4,0.13905723905629053,0.13333333333333333,285
2,45,18,0.8804049629656322,0.1323529411764706,2565
2,6,4,0.10925925925872668,0.15384615384615385,209
2,37,18,0.8804049629656322,0.1323529411764706,2565
3,20,8,0.27229043306504325,0.21621621621621623,416
3,35,16,0.6614012033708772,0.47058823529411764,576
3,13,18,0.7207425644364238,0.4186046511627907,928
3,42,7,0.15331226441786927,0.1320754716981132,896
3,8,12,0.4952163010549691,0.34285714285714286,480
3,50,13,0.6496357938252565,0.2549019607843137,1024
3,51,8,0.27032337788790356,0.24242424242424243,288
3,52,4,0.10488834422612488,0.1111111111111111,256
3,18,14,0.5557091529532847,0.2641509433962264,1120
3,53,10,0.39067280041757363,0.2564102564102564,544
3,66,11,0.40137451563265364,0.2682926829268293,640
3,67,9,0.24920468617189923,0.225,544
3,68,15,0.5355728307408266,0.2830188679245283,1152
3,69,11,0.32719998792228216,0.22916666666666666,864
3,17,6,0.1558632300006363,0.16216216216216217,352
3,4,11,0.36583949753213535,0.25,736
3,62,13,0.5130005637818712,0.2708333333333333,928
3,81,7,0.2273871317454137,0.175,480
3,27,22,0.8924296068347946,0.38596491228070173,1504
3,24,11,0.4916239527267958,0.275,608
3,77,7,0.26094521172775,0.1794871794871795,448
3,85,5,0.09894179894155201,0.125,416
3,7,19,0.8488952617916916,0.3114754098360656,1536
3,30,9,0.4267126392098983,0.2,704
3,83,10,0.36462804849839436,0.22727272727272727,704
3,9,12,0.43177367510373166,0.24,960
3,45,31,1.860397474254061,0.22794117647058823,4320
3,128,2,0.014814814814803842,0.06060606060606061,96
3,72,10,0.28286193869311227,0.2,896
3,37,31,1.860397474254061,0.22794117647058823,4320
3,26,9,0.32133886500915404,0.21951219512195122,576
4,13,15,0.6622528135541271,0.40540540540540543,667
4,16,4,0.07707535121307521,0.16,138
4,48,5,0.13514812987374725,0.14705882352941177,368
4,65,4,0.10192915238246601,0.11428571428571428,368
4,74,7,0.17422954869699334,0.2,437
4,81,6,0.14373029944787863,0.1875,345
4,35,11,0.3415339419767907,0.36666666666666664,414
4,27,16,0.7218736241607917,0.2962962962962963,1081
4,93,7,0.29063166509721616,0.22580645161290322,345
4,101,5,0.1397951142625615,0.2,161
4,18,11,0.32768395753877055,0.23404255319148937,805
4,106,3,0.07731481481441323,0.11538461538461539,138
4,86,10,0.45262979768263006,0.25,621
4,53,11,0.3685998734543434,0.3793103448275862,391
4,7,12,0.422554203724084,0.2033898305084746,1104
4,70,12,0.4444631399710632,0.25,851
4,69,10,0.3016529895960995,0.25,621
4,58,4,0.20231481481198266,0.11428571428571428,368
4,45,22,1.2843539236023322,0.16176470588235295,3105
4,37,22,1.2843539236023322,0.16176470588235295,3105
4,76,9,0.2886998578928519,0.2571428571428571,483
5,71,6,0.2805005809517262,0.3157894736842105,156
5,72,7,0.3614529619034292,0.20588235294117646,364
5,73,5,0.1616402116393015,0.3333333333333333,91
5,74,6,0.19497354497252373,0.23076923076923078,247
5,11,5,0.13566618566566416,0.29411764705882354,117
5,33,6,0.25131777545392886,0.21428571428571427,273
5,83,6,0.25348227761841086,0.20689655172413793,286
5,15,9,0.33350168350002235,0.2727272727272727,377
5,30,5,0.14237116650853432,0.16666666666666666,286
5,45,12,0.6671768676252608,0.08823529411764706,1755
5,37,12,0.6671768676252608,0.08823529411764706,1755
5,9,6,0.1654212158743248,0.16216216216216217,390
6,7,6,0.2528490028474341,0.11320754716981132,528
6,8,4,0.0634259259257944,0.18181818181818182,165
6,106,2,0.014814814814803842,0.13333333333333333,66
6,45,10,0.6291629179730098,0.07352941176470588,1485
6,43,3,0.03564814814809377,0.14285714285714285,143
6,36,3,0.04259259259250446,0.14285714285714285,143
6,37,10,0.6291629179730099,0.07352941176470588,1485
6,22,4,0.0882797270951852,0.18181818181818182,165
6,93,2,0.014814814814803842,0.08333333333333333,165
7,10,5,0.14654269654194366,0.1,336
7,32,10,0.41848176753840605,0.16666666666666666,1056
7,19,10,0.4177400262793721,0.1694915254237288,1008
7,29,9,0.47200803009291287,0.16071428571428573,816
7,42,17,0.913432597819868,0.288135593220339,1344
7,22,9,0.4181101334219407,0.16666666666666666,720
7,15,14,0.4996076986652914,0.2222222222222222,1392
7,80,16,0.7028137626577134,0.2711864406779661,1296
7,18,18,0.9287972389913065,0.27692307692307694,1680
7,100,4,0.077556127555916,0.08,288
7,30,13,0.5385543261656732,0.22807017543859648,1056
7,31,11,0.3724380201243458,0.2,864
7,38,19,0.7998383137542607,0.3275862068965517,1392
7,55,5,0.10612755612726293,0.09433962264150944,480
7,51,7,0.24949004455461365,0.14,432
7,63,12,0.5051308761701899,0.22641509433962265,816
7,90,12,0.46117958123305736,0.21818181818181817,912
7,35,13,0.5472615820055978,0.24528301886792453,864
7,115,7,0.22759267449571893,0.14285714285714285,384
7,70,17,0.7130635000983461,0.25,1776
7,27,24,1.038070496155849,0.3380281690140845,2256
7,43,9,0.4993125573965328,0.17307692307692307,624
7,59,9,0.32432284490950586,0.1267605633802817,1536
7,44,10,0.32784346578631207,0.19607843137254902,624
7,81,9,0.354704139449506,0.16666666666666666,720
7,58,10,0.4526684406452829,0.18518518518518517,768
7,57,4,0.09100529100497165,0.07547169811320754,432
7,83,14,0.5784700508154264,0.25,1056
7,72,16,0.6667002729820618,0.26666666666666666,1344
7,8,11,0.5308093000093728,0.21153846153846154,720
7,24,12,0.6280867954380768,0.21818181818181817,912
7,14,13,0.44338626476604626,0.22807017543859648,1056
7,13,15,0.5257987846816741,0.24193548387096775,1392
7,20,9,0.3419180348042611,0.17307692307692307,624
7,33,11,0.5341348457691371,0.1896551724137931,1008
7,34,7,0.23539875643965952,0.14,432
7,45,47,2.893091598053245,0.34558823529411764,6480
7,68,17,0.5661640737635634,0.2537313432835821,1728
7,117,7,0.23455632283911926,0.1346153846153846,528
7,74,11,0.35770017014633343,0.19642857142857142,912
7,105,4,0.08729638729609666,0.0784313725490196,336
7,67,13,0.5043084417272622,0.25,816
7,21,16,1.0457402095460442,0.2318840579710145,1776
7,37,47,2.893091598053245,0.34558823529411764,6480
8,13,8,0.3695156695119732,0.2222222222222222,435
8,16,4,0.07707535121307521,0.23529411764705882,90
8,62,5,0.1756194706842828,0.1282051282051282,435
8,24,7,0.25794656333278226,0.25925925925925924,285
8,51,6,0.15077972709498988,0.3333333333333333,135
8,30,6,0.1892757705248202,0.1935483870967742,330
8,20,7,0.18131821084347646,0.3333333333333333,195
8,45,14,0.7766346512196227,0.10294117647058823,2025
8,50,5,0.19165868454515347,0.11904761904761904,480
8,83,6,0.16498427254942638,0.1935483870967742,330
8,37,14,0.7766346512196227,0.10294117647058823,2025
9,62,12,0.3564318929903939,0.2553191489361702,870
9,19,8,0.32442701915132927,0.18604651162790697,630
9,74,10,0.40314796511369677,0.2564102564102564,570
9,17,7,0.19042715745236916,0.20588235294117646,330
9,66,15,0.5483062795897119,0.42857142857142855,600
9,67,12,0.3838538962742359,0.34285714285714286,510
9,94,10,0.43901214525940546,0.2,900
9,112,7,0.18834475709412601,0.20588235294117646,330
9,92,8,0.2722263360409245,0.24242424242424243,330
9,64,11,0.3610956302884346,0.2894736842105263,570
9,80,13,0.4424229308190993,0.29545454545454547,810
9,76,7,0.1827765501319556,0.1590909090909091,630
9,14,14,0.5475461064249414,0.3684210526315789,660
9,15,13,0.4940962409755496,0.2826086956521739,870
9,59,14,0.5662439984672583,0.2916666666666667,960
9,27,18,0.7043225928409023,0.3050847457627119,1410
9,72,18,0.7412106604464269,0.45,840
9,38,15,0.5466667641344245,0.3409090909090909,870
9,65,10,0.36636818557005274,0.2777777777777778,480
9,36,4,0.07707535121307521,0.10256410256410256,390
9,68,20,0.7833352025710719,0.43478260869565216,1080
9,25,5,0.13154595601352825,0.13157894736842105,390
9,42,9,0.3278564215265071,0.1836734693877551,840
9,13,13,0.47860490759648744,0.2826086956521739,870
9,45,29,1.3926999119314938,0.21323529411764705,4050
9,32,9,0.3683436410854195,0.20930232558139536,660
9,37,29,1.3926999119314938,0.21323529411764705,4050
10,21,4,0.11257122507057898,0.1,259
10,54,2,0.014814814814803842,0.08,140
10,45,6,0.20996862246758166,0.04411764705882353,945
10,43,4,0.06267517517504775,0.25,91
10,37,6,0.20996862246758166,0.04411764705882353,945
11,31,3,0.09173789173728905,0.125,162
11,32,3,0.09173789173728905,0.10714285714285714,198
11,25,4,0.11582491582438961,0.2222222222222222,117
11,33,4,0.13719243719162788,0.15384615384615385,189
11,83,4,0.1393569393561099,0.14814814814814814,198
11,45,8,0.38311503311281847,0.058823529411764705,1215
11,37,8,0.38311503311281847,0.058823529411764705,1215
12,15,8,0.35355750487076243,0.25,319
12,31,3,0.09173789173728905,0.11538461538461539,198
12,25,3,0.07037037037005076,0.14285714285714285,143
12,88,5,0.22429757343356208,0.2,209
12,96,5,0.15192915238221602,0.35714285714285715,88
12,72,3,0.049297573435374595,0.08333333333333333,308
12,33,4,0.0992975734351246,0.14285714285714285,231
12,54,6,0.27454819999972435,0.24,220
12,45,10,0.5131114885616633,0.07352941176470588,1485
12,37,10,0.5131114885616633,0.07352941176470588,1485
13,40,6,0.2873775561243699,0.16666666666666666,377
13,35,11,0.3549988174448617,0.3055555555555556,522
13,41,4,0.1229878917371914,0.12903225806451613,174
13,15,12,0.3881697680239986,0.2608695652173913,841
13,65,7,0.18636847250916339,0.18421052631578946,464
13,38,13,0.35864616975103253,0.28888888888888886,841
13,17,6,0.1416586845461998,0.17647058823529413,319
13,27,18,0.6120509483039345,0.3103448275862069,1363
13,50,17,0.8324549453929656,0.38636363636363635,928
13,20,6,0.18912037036946525,0.16666666666666666,377
13,76,11,0.3725351037310448,0.28205128205128205,609
13,70,13,0.46755697289031395,0.24528301886792453,1073
13,121,2,0.014814814814803842,0.06451612903225806,116
13,45,28,1.6734531591590724,0.20588235294117646,3915
13,72,11,0.31778840928120533,0.2391304347826087,812
13,53,12,0.39958611644385195,0.35294117647058826,493
13,16,5,0.15273752012810288,0.16666666666666666,174
13,68,17,0.5831032514329979,0.3541666666666667,1044
13,69,12,0.3715862769204346,0.2727272727272727,783
13,37,28,1.6734531591590727,0.20588235294117646,3915
13,66,9,0.22866803891130844,0.225,580
13,18,12,0.3653751813711492,0.23076923076923078,1015
13,48,7,0.20317140990015564,0.18421052631578946,464
14,77,2,0.014814814814803842,0.058823529411764705,308
14,74,11,0.39624299624095016,0.36666666666666664,418
14,94,9,0.3253998316481034,0.20930232558139536,660
14,59,11,0.33015873015750674,0.2558139534883721,704
14,72,12,0.4607555821347754,0.3157894736842105,616
14,32,6,0.29600850850426996,0.15789473684210525,484
14,31,7,0.1880580768731972,0.21212121212121213,396
14,42,8,0.24123268004750817,0.19047619047619047,616
14,45,21,1.037985135674305,0.15441176470588236,2970
14,97,3,0.06026936026914269,0.125,110
14,70,9,0.28055966937433036,0.18,814
14,80,12,0.3972935811735649,0.32432432432432434,594
14,68,16,0.6094618071562012,0.38095238095238093,792
14,64,9,0.2740601503749342,0.28125,418
14,90,8,0.21790935672438616,0.24242424242424243,418
14,69,10,0.3129681843485705,0.2564102564102564,594
14,37,21,1.0379851356743053,0.15441176470588236,2970
14,65,9,0.31976421482836526,0.3103448275862069,352
14,92,8,0.26010512391980783,0.32,242
15,27,19,0.7490583553502541,0.3333333333333333,1363
15,62,10,0.35098352590364235,0.20833333333333334,841
15,61,7,0.3376844889977245,0.21875,290
15,32,9,0.2728269602477026,0.21428571428571427,638
15,17,8,0.2534822776192071,0.25,319
15,33,10,0.4788721655068419,0.25,609
15,72,13,0.520268679647574,0.29545454545454547,812
15,77,7,0.2398724147930738,0.19444444444444445,406
15,88,9,0.5162862157499344,0.23076923076923078,551
15,96,7,0.35597453228773057,0.23333333333333334,232
15,54,12,0.6674838120123799,0.32432432432432434,580
15,66,11,0.36693273474089766,0.2894736842105263,580
15,83,8,0.2795529928354657,0.18604651162790697,638
15,56,12,0.6192735691906345,0.3157894736842105,609
15,38,15,0.5104501456919622,0.3488372093023256,841
15,50,7,0.1983519469572108,0.12962962962962962,928
15,81,7,0.22860394188670285,0.1891891891891892,435
15,30,10,0.4264912131266627,0.24390243902439024,638
15,24,9,0.303745164849789,0.23076923076923078,551
15,68,13,0.38606746419799587,0.25,1044
15,45,28,1.4508535066074386,0.20588235294117646,3915
15,71,5,0.16193493607201798,0.1388888888888889,348
15,37,28,1.4508535066074386,0.20588235294117646,3915
16,45,5,0.17981287134127172,0.03676470588235294,810
16,37,5,0.17981287134127172,0.03676470588235294,810
17,54,5,0.14237116650853432,0.19230769230769232,220
17,56,4,0.0992975734351246,0.14285714285714285,231
17,19,4,0.07592592592572668,0.14285714285714285,231
17,30,5,0.13054757343502693,0.17857142857142858,242
17,45,10,0.3594266764510992,0.07352941176470588,1485
17,37,10,0.3594266764510992,0.07352941176470588,1485
18,19,11,0.41601899772034673,0.24444444444444444,735
18,90,13,0.550483962448486,0.3170731707317073,665
18,99,2,0.014814814814803842,0.05263157894736842,175
18,107,2,0.014814814814803842,0.05555555555555555,105
18,108,2,0.014814814814803842,0.05555555555555555,105
18,55,6,0.16927910052837652,0.15384615384615385,350
18,109,3,0.08624338624286507,0.08108108108108109,175
18,110,2,0.014814814814803842,0.05555555555555555,105
18,111,2,0.014814814814803842,0.05405405405405406,140
18,57,6,0.19173280423187572,0.15789473684210525,315
18,88,5,0.11158998605772982,0.10204081632653061,665
18,47,6,0.2199729895054332,0.13636363636363635,525
18,104,5,0.36296296295758024,0.11363636363636363,490
18,80,11,0.45168051409933885,0.21568627450980393,945
18,51,6,0.15370370370314537,0.15789473684210525,315
18,83,6,0.14373029944787863,0.11764705882352941,770
18,115,5,0.12531676413208506,0.13157894736842105,280
18,69,14,0.4729807844957541,0.2916666666666667,945
18,37,34,3.217944385651274,0.25,4725
18,27,19,0.7164378347334761,0.30158730158730157,1645
18,38,9,0.24087840198362132,0.16363636363636364,1015
18,85,6,0.16493571000088875,0.14285714285714285,455
18,45,34,3.217944385651274,0.25,4725
18,113,2,0.014814814814803842,0.05128205128205128,210
18,42,8,0.2636733193899221,0.14545454545454545,980
18,50,13,0.6058941732461903,0.24074074074074073,1120
18,86,11,0.4532355401580442,0.21568627450980393,945
18,35,12,0.4187662347612969,0.2926829268292683,630
18,84,13,0.4915911374385093,0.2708333333333333,910
18,76,9,0.2684200531664,0.19148936170212766,735
19,57,5,0.10125661375634058,0.2,189
19,58,5,0.12934184184126996,0.15625,336
19,50,8,0.3276149776128886,0.17777777777777778,672
19,21,9,0.3405640168781281,0.1836734693877551,777
19,23,5,0.21545295295124373,0.16129032258064516,315
19,76,8,0.24012480887384205,0.23529411764705882,441
19,86,9,0.37053416559758784,0.23076923076923078,567
19,66,6,0.17270443617991785,0.17142857142857143,420
19,90,9,0.25334648643380436,0.2903225806451613,399
19,38,8,0.23415421724153224,0.19047619047619047,609
19,67,7,0.20609581904872817,0.22580645161290322,357
19,91,4,0.1127314814809284,0.15384615384615385,189
19,93,5,0.13793243793191512,0.16129032258064516,315
19,84,9,0.30561760068204147,0.23684210526315788,546
19,45,20,1.0042204440058315,0.14705882352941177,2835
19,37,20,1.0042204440058315,0.14705882352941177,2835
20,21,4,0.102314814814316,0.08695652173913043,481
20,22,4,0.07013090676866453,0.16666666666666666,195
20,23,3,0.04184184184175782,0.12,195
20,62,6,0.23495370370239754,0.16666666666666666,377
20,35,7,0.1813182108434765,0.2916666666666667,234
20,30,6,0.18912037036946527,0.20689655172413793,286
20,28,2,0.014814814814803842,0.125,65
20,45,12,0.656493386012942,0.08823529411764706,1755
20,37,12,0.656493386012942,0.08823529411764706,1755
21,34,4,0.08326719576691465,0.09523809523809523,333
21,23,6,0.3018569393547193,0.13043478260869565,555
21,39,2,0.014814814814803842,0.04,555
21,46,4,0.1249338624332341,0.0975609756097561,296
21,26,3,0.07037037037005076,0.057692307692307696,666
21,49,4,0.07887887887865769,0.1,259
21,55,6,0.2166005290993591,0.14634146341463414,370
21,58,8,0.39947598697288034,0.17777777777777778,592
21,70,12,0.7435185185112352,0.1935483870967742,1369
21,82,3,0.04184184184175782,0.07317073170731707,259
21,31,6,0.20156406406293356,0.12244897959183673,666
21,86,10,0.5132259645372006,0.18518518518518517,999
21,56,9,0.4138088276219022,0.1836734693877551,777
21,84,11,0.4774243300532528,0.21153846153846154,962
21,88,6,0.221265771264554,0.12,703
21,76,7,0.24829279829150797,0.13725490196078433,777
21,89,8,0.3886460274589744,0.1951219512195122,444
21,68,13,0.5172654435786253,0.21666666666666667,1332
21,90,10,0.367170329668513,0.21739130434782608,703
21,47,7,0.28475119856515924,0.15555555555555556,555
21,85,6,0.19618571000059581,0.13636363636363635,481
21,69,10,0.3543067069367776,0.18518518518518517,999
21,48,8,0.34416174415962564,0.17777777777777778,592
21,99,2,0.014814814814803842,0.05,185
21,100,3,0.03564814814809377,0.075,222
21,113,2,0.014814814814803842,0.04878048780487805,222
21,33,6,0.3342592592560172,0.11538461538461539,777
21,45,36,2.7835976737001094,0.2647058823529412,4995
21,71,4,0.10608465608420892,0.08888888888888889,444
21,43,5,0.24100529100280518,0.1111111111111111,481
21,75,5,0.16221221221129656,0.125,296
21,37,36,2.7835976737001094,0.2647058823529412,4995
21,72,7,0.231415343914154,0.1206896551724138,1036
22,29,5,0.13018596327367063,0.18518518518518517,255
22,94,3,0.06744639376189526,0.07142857142857142,450
22,42,8,0.3782541560654248,0.22857142857142856,420
22,33,5,0.10584519248282269,0.16129032258064516,315
22,63,8,0.34200862336991417,0.3333333333333333,255
22,98,5,0.14383538856095146,0.29411764705882354,105
22,38,6,0.20038300760814443,0.15789473684210525,435
22,77,3,0.049297573435374595,0.11538461538461539,210
22,45,14,0.7662694445318762,0.10294117647058823,2025
22,37,14,0.7662694445318762,0.10294117647058823,2025
22,62,8,0.4112346559573596,0.2222222222222222,435
23,55,3,0.04184184184175782,0.13636363636363635,150
23,60,2,0.014814814814803842,0.1111111111111111,75
23,61,2,0.014814814814803842,0.08695652173913043,150
23,65,2,0.014814814814803842,0.06896551724137931,240
23,78,2,0.014814814814803842,0.125,45
23,29,3,0.07731481481441323,0.10344827586206896,255
23,91,4,0.11506544138071613,0.2,135
23,45,14,1.2853306572138288,0.10294117647058823,2025
23,64,3,0.12592592592468038,0.0967741935483871,285
23,58,6,0.19373896432633625,0.24,240
23,83,3,0.07731481481441323,0.08823529411764706,330
23,37,14,1.2853306572138288,0.10294117647058823,2025
24,25,7,0.2426570671240221,0.28,247
24,34,3,0.03564814814809377,0.12,171
24,26,11,0.49209500944805923,0.4230769230769231,342
24,62,7,0.22404639140138166,0.17073170731707318,551
24,51,5,0.13356481481421834,0.21739130434782608,171
24,77,7,0.20737972473490943,0.2692307692307692,266
24,32,8,0.27388613499078224,0.24242424242424243,418
24,27,14,0.62714460666687,0.2692307692307692,893
24,45,18,1.129902683886079,0.1323529411764706,2565
24,83,7,0.18932416917942468,0.20588235294117646,418
24,66,9,0.3511859185400447,0.3,380
24,117,5,0.11248029944797627,0.2,209
24,60,2,0.014814814814803842,0.09090909090909091,95
24,31,6,0.18940337637046148,0.1935483870967742,342
24,37,18,1.1299026838860788,0.1323529411764706,2565
25,26,8,0.28518763597020547,0.34782608695652173,234
25,27,8,0.30734538365970016,0.15384615384615385,611
25,31,7,0.34629874707991876,0.2916666666666667,234
25,30,4,0.1158249158243896,0.12903225806451613,286
25,45,12,0.6798004305792902,0.08823529411764706,1755
25,32,9,0.3841775349589654,0.34615384615384615,286
25,37,12,0.6798004305792902,0.08823529411764706,1755
25,103,2,0.014814814814803842,0.1,117
25,66,7,0.22306642384933884,0.2692307692307692,260
26,27,13,0.6456090835586817,0.25,846
26,45,17,0.8367217491384917,0.125,2430
26,32,9,0.4234382742194306,0.2903225806451613,396
26,77,6,0.16997298950618317,0.23076923076923078,252
26,62,5,0.11997298950643319,0.11904761904761904,522
26,94,4,0.1316979316972039,0.09090909090909091,540
26,104,4,0.09360269360236492,0.14285714285714285,252
26,117,4,0.08872298950653085,0.16,198
26,87,4,0.08154595601377826,0.16,198
26,50,5,0.11734141055909177,0.1111111111111111,576
26,30,6,0.20177577052475243,0.17647058823529413,396
26,31,6,0.19267309345597003,0.2,324
26,37,17,0.8367217491384917,0.125,2430
26,66,9,0.34502918331122084,0.3103448275862069,360
27,42,14,0.5418305735314684,0.22950819672131148,1316
27,39,6,0.20520890348375656,0.10714285714285714,705
27,66,17,0.6923596754898771,0.34,940
27,77,10,0.4065507998903805,0.19607843137254902,658
27,68,24,0.9215539882255105,0.4067796610169492,1692
27,69,19,0.7095468176345252,0.34545454545454546,1269
27,80,18,0.6877886717811954,0.32142857142857145,1269
27,62,17,0.6317120513667395,0.288135593220339,1363
27,81,12,0.48747853657103923,0.24,705
27,101,6,0.20045831784869264,0.125,329
27,93,9,0.4039264476304387,0.16981132075471697,705
27,102,3,0.05185185185170371,0.0625,188
27,86,16,0.9658614488954702,0.27586206896551724,1269
27,64,12,0.41736643840667365,0.2222222222222222,893
27,32,12,0.49099332808224944,0.21052631578947367,1034
27,47,7,0.18207262713779915,0.12727272727272726,705
27,38,20,0.7825097880080847,0.35714285714285715,1363
27,117,8,0.26658660540124013,0.16,517
27,72,17,0.6426291936476883,0.29310344827586204,1316
27,56,10,0.3536076781977676,0.1724137931034483,987
27,83,10,0.3878720901619353,0.1694915254237288,1034
27,67,13,0.43596104397881946,0.2549019607843137,799
27,84,16,0.7371356291005802,0.2807017543859649,1222
27,90,12,0.41969177909396377,0.2222222222222222,893
27,31,11,0.43199181770943945,0.2037037037037037,846
27,54,8,0.3383739575756759,0.13559322033898305,940
27,50,17,0.6581254957365953,0.27419354838709675,1504
27,88,10,0.38431995845602723,0.17857142857142858,893
27,45,46,2.5100963467749415,0.3382352941176471,6345
27,53,14,0.48134641037371506,0.28,799
27,35,13,0.44714513339864265,0.25,846
27,70,19,0.7986804666354688,0.2923076923076923,1739
27,87,8,0.276652352966932,0.16,517
27,74,10,0.3494434793330163,0.17857142857142858,893
27,76,12,0.4139463948121076,0.21428571428571427,987
27,37,46,2.5100963467749415,0.3382352941176471,6345
27,44,7,0.20954889618594474,0.1320754716981132,611
28,29,3,0.08148148148102606,0.15789473684210525,85
28,39,3,0.07363834422622254,0.17647058823529413,75
28,45,4,0.20982068040752805,0.029411764705882353,675
28,37,4,0.20982068040752805,0.029411764705882353,675
29,30,5,0.152314814814066,0.14705882352941177,374
29,63,5,0.13802910052847417,0.1724137931034483,289
29,42,7,0.32897051205648437,0.18421052631578946,476
29,39,5,0.3102693602648927,0.18518518518518517,255
29,54,6,0.2206860269348766,0.1935483870967742,340
29,50,3,0.06481481481455384,0.06521739130434782,544
29,58,7,0.3542378917349887,0.2692307692307692,272
29,45,16,1.1159263802535997,0.11764705882352941,2295
29,43,5,0.1338624338618613,0.2,221
29,112,3,0.050529100528962013,0.12,187
29,37,16,1.1159263802535997,0.11764705882352941,2295
29,46,3,0.07731481481441323,0.13636363636363635,136
29,34,3,0.03564814814809377,0.13043478260869565,153
30,32,8,0.26411932489392137,0.2222222222222222,484
30,83,11,0.45840166378704955,0.3333333333333333,484
30,33,7,0.24250852914523857,0.19444444444444445,462
30,54,7,0.31331590804010084,0.2,440
30,35,6,0.18927577052482017,0.17647058823529413,396
30,39,6,0.2350441797690285,0.1935483870967742,330
30,94,4,0.11582491582438961,0.08333333333333333,660
30,38,8,0.2862022228386648,0.18604651162790697,638
30,45,21,1.0792141293217228,0.15441176470588236,2970
30,36,6,0.18844581258288962,0.20689655172413793,286
30,37,21,1.0792141293217228,0.15441176470588236,2970
30,70,6,0.19250852914548858,0.11320754716981132,814
31,53,4,0.0631184375863934,0.12903225806451613,306
31,80,7,0.19691710447264504,0.18421052631578946,486
31,63,7,0.1880580768731972,0.25,306
31,42,9,0.3086002161549796,0.24324324324324326,504
31,74,8,0.27156317911807976,0.27586206896551724,342
31,45,17,0.8625196432901645,0.125,2430
31,71,5,0.1301877065030074,0.2,216
31,70,10,0.33539923985810915,0.2222222222222222,666
31,37,17,0.8625196432901644,0.125,2430
32,87,5,0.11867399314164032,0.17857142857142858,242
32,97,3,0.06026936026914269,0.125,110
32,38,9,0.24722240832756515,0.21428571428571427,638
32,112,4,0.07517517517498006,0.13793103448275862,242
32,52,3,0.15767195766990588,0.1111111111111111,176
32,105,5,0.18767517517348525,0.20833333333333334,154
32,45,21,1.3897091025709936,0.15441176470588236,2970
32,104,4,0.09739739739700473,0.125,308
32,66,9,0.3235004725586267,0.2727272727272727,440
32,70,11,0.5784204895216699,0.22916666666666666,814
32,37,21,1.3897091025709936,0.15441176470588236,2970
33,61,4,0.0992975734351246,0.14814814814814814,210
33,62,5,0.15167852581575497,0.1111111111111111,609
33,42,5,0.13679757343488674,0.11363636363636363,588
33,46,4,0.1043418418413672,0.16,168
33,58,8,0.37403881153583857,0.27586206896551724,336
33,93,2,0.014814814814803842,0.058823529411764705,315
33,54,8,0.43907030070485176,0.24242424242424243,420
33,83,8,0.3661196402549745,0.22857142857142856,462
33,34,4,0.06267517517504775,0.15384615384615385,189
33,118,2,0.014814814814803842,0.09090909090909091,63
33,117,5,0.14814814814745317,0.18518518518518517,231
33,45,20,1.5359868092418538,0.14705882352941177,2835
33,37,20,1.5359868092418538,0.14705882352941177,2835
34,38,3,0.03564814814809377,0.08571428571428572,261
34,45,8,0.35993579347542415,0.058823529411764705,1215
34,103,2,0.014814814814803842,0.125,81
34,37,8,0.35993579347542404,0.058823529411764705,1215
35,62,5,0.14426448748182696,0.11904761904761904,522
35,51,6,0.12671957671924539,0.2857142857142857,162
35,81,6,0.1316530047620079,0.2222222222222222,270
35,45,17,0.7222808330002775,0.125,2430
35,53,8,0.2135894670860909,0.2962962962962963,306
35,83,7,0.16220071791831747,0.21212121212121213,396
35,37,17,0.7222808330002775,0.125,2430
35,86,7,0.1982146294114836,0.18421052631578946,486
35,50,9,0.33736727530945454,0.21951219512195122,576
36,37,12,0.7055333546655924,0.08823529411764706,1755
36,38,7,0.21507416507324173,0.2,377
36,70,6,0.21343898757567853,0.13636363636363635,481
36,45,12,0.7055333546655924,0.08823529411764706,1755
36,46,3,0.04259259259250446,0.16666666666666666,104
36,83,5,0.26228956228728373,0.16666666666666666,286
36,103,3,0.06026936026914269,0.15789473684210525,117
36,87,4,0.08729638729609666,0.2,143
36,39,4,0.09475211888971344,0.16666666666666666,195
37,63,16,0.8596393936287187,0.11764705882352941,2295
37,38,27,1.2307547313061815,0.19708029197080293,3915
37,42,27,1.719966867300042,0.19852941176470587,3780
37,45,134,18.44026817469458,0.9852941176470589,18225
37,46,7,0.30807786616439065,0.051470588235294115,1080
37,72,27,1.4326616893909194,0.19852941176470587,3780
37,83,21,1.158873443713747,0.15441176470588236,2970
37,103,8,0.9190096939923493,0.058823529411764705,1215
37,43,12,0.7487033956011511,0.08823529411764706,1755
37,50,31,2.1287730364226136,0.22794117647058823,4320
37,106,5,0.45429475917840195,0.03676470588235294,810
37,107,2,0.03597883597874886,0.014705882352941176,405
37,115,7,0.24101860042160694,0.051470588235294115,1080
37,70,36,2.442199467689954,0.2647058823529412,4995
37,97,3,0.09831649831607961,0.021897810218978103,675
37,87,10,0.4674446182256509,0.07352941176470588,1485
37,84,24,1.1800452915414144,0.17518248175182483,3510
37,76,20,0.9465996469943451,0.14705882352941177,2835
37,119,3,0.12407407407337415,0.022058823529411766,540
37,123,5,0.20294312169198622,0.03676470588235294,810
37,47,13,0.5026837547808122,0.0948905109489051,2025
37,61,9,0.5083495837996008,0.0661764705882353,1350
37,93,14,1.0039428221055786,0.10294117647058823,2025
37,85,12,0.42061944824931374,0.08823529411764706,1755
37,53,16,0.6827155987089956,0.11764705882352941,2295
37,44,12,0.45793605837806123,0.08823529411764706,1755
37,124,4,0.1822471509960117,0.029411764705882353,675
37,59,30,1.6661958010415927,0.21897810218978103,4320
37,125,1,0.007407407407401921,0.007352941176470588,270
37,102,3,0.06572104018893737,0.022058823529411766,540
37,52,7,0.42815373623794273,0.051470588235294115,1080
37,81,14,0.744937468494647,0.10294117647058823,2025
37,98,6,0.3697613144836606,0.04411764705882353,945
37,56,20,1.0734612300791215,0.14705882352941177,2835
37,39,14,1.377306270613437,0.10294117647058823,2025
37,58,15,0.9744276998984697,0.11029411764705882,2160
37,57,7,0.29623015872845965,0.051094890510948905,1215
37,69,26,1.0408902685099684,0.19117647058823528,3645
37,75,7,0.2408596096084516,0.051470588235294115,1080
37,126,1,0.007407407407401921,0.007352941176470588,270
37,127,1,0.007407407407401921,0.007352941176470588,270
37,71,11,0.613906988493616,0.08088235294117647,1620
37,96,7,0.38304988350089947,0.051470588235294115,1080
37,92,10,0.714818928621606,0.07352941176470588,1485
37,128,2,0.038657407407304265,0.014705882352941176,405
37,108,2,0.03597883597874886,0.014705882352941176,405
37,95,9,0.4288869726343488,0.0661764705882353,1350
37,110,2,0.03597883597874886,0.014705882352941176,405
37,49,6,0.2111358611348531,0.04411764705882353,945
37,41,5,0.21672990961658242,0.03676470588235294,810
37,64,18,0.9568812229721378,0.1323529411764706,2565
37,77,13,0.6234502912564397,0.09558823529411764,1890
37,118,2,0.05502645502622279,0.014705882352941176,405
37,129,1,0.007407407407401921,0.007246376811594203,540
37,73,6,0.2581829081813388,0.04411764705882353,945
37,100,5,0.23383919633690603,0.03676470588235294,810
37,130,1,0.007407407407401921,0.007352941176470588,270
37,109,4,0.2502645502619121,0.029411764705882353,675
37,88,18,0.9416735103387718,0.1323529411764706,2565
37,65,15,0.7170223723630126,0.11029411764705882,2160
37,86,25,1.627482955044596,0.18248175182481752,3645
37,116,2,0.09831649831566638,0.014705882352941176,405
37,99,4,0.12967252967192505,0.029411764705882353,675
37,55,9,0.33175586300431864,0.0661764705882353,1350
37,131,1,0.007407407407401921,0.007352941176470588,270
37,82,6,0.36963453837969745,0.04411764705882353,945
37,62,28,1.5808318142831903,0.20588235294117646,3915
37,104,12,0.829379024434281,0.08759124087591241,1890
37,89,11,0.5254805593587424,0.08088235294117647,1620
37,105,6,0.3368334243302987,0.04411764705882353,945
37,51,8,0.294165970480404,0.058823529411764705,1215
37,132,1,0.007407407407401921,0.007352941176470588,270
37,66,19,0.7850979114458341,0.13970588235294118,2700
37,78,2,0.07407407407362414,0.014705882352941176,405
37,48,15,0.6490308249606617,0.11029411764705882,2160
37,133,1,0.007407407407401921,0.007352941176470588,270
37,111,3,0.06300586300570284,0.022058823529411766,540
37,68,34,1.445729606931922,0.24817518248175183,4860
37,79,11,0.6531467335288884,0.08088235294117647,1620
37,120,3,0.12407407407337415,0.022058823529411766,540
37,54,19,1.6163155930536657,0.13970588235294118,2700
37,40,12,0.975665768541033,0.08823529411764706,1755
37,134,1,0.007407407407401921,0.007352941176470588,270
37,67,16,0.6536992799332138,0.11764705882352941,2295
37,60,4,0.19813422444877676,0.029411764705882353,675
37,121,3,0.20855683269186154,0.022058823529411766,540
37,91,8,0.33591802570832807,0.058823529411764705,1215
37,117,10,0.39057484135690407,0.07352941176470588,1485
37,74,18,0.8804625929047675,0.1323529411764706,2565
37,80,25,1.2280589508531035,0.18248175182481752,3645
37,112,10,0.3715498108863802,0.07352941176470588,1485
37,135,1,0.007407407407401921,0.007352941176470588,270
37,136,1,0.007407407407401921,0.007352941176470588,270
37,90,18,0.7833624422299346,0.1323529411764706,2565
37,113,5,0.150120200573365,0.03676470588235294,810
37,114,2,0.11851851851727846,0.014705882352941176,405
37,101,6,0.21432750618592628,0.04411764705882353,945
37,122,2,0.07407407407362414,0.014598540145985401,540
37,94,29,1.7312619276305967,0.21323529411764705,4050
38,80,14,0.4984115006917006,0.3333333333333333,783
38,77,7,0.25390750251220456,0.19444444444444445,406
38,62,13,0.4606575298497081,0.28888888888888886,841
38,67,10,0.28840622537328114,0.2777777777777778,493
38,39,7,0.2643803629848955,0.1891891891891892,435
38,66,12,0.4265307698610433,0.32432432432432434,580
38,63,8,0.27778471442122576,0.21052631578947367,493
38,72,13,0.4020007819694038,0.29545454545454547,812
38,69,11,0.30955428229720794,0.24444444444444444,783
38,68,16,0.5147420947102659,0.32653061224489793,1044
38,56,7,0.17110326970876882,0.16279069767441862,609
38,70,12,0.4081015139318537,0.2222222222222222,1073
38,45,27,1.2307547313061813,0.19708029197080293,3915
38,144,0,0,0.0,29
38,44,7,0.18056308811874855,0.2,377
39,77,4,0.07057416918001018,0.16,210
39,62,4,0.07057416918001018,0.1,435
39,54,7,0.6403694854126969,0.25,300
39,120,3,0.06481481481455384,0.1875,60
39,119,3,0.06481481481455384,0.1875,60
39,122,2,0.014814814814803842,0.11764705882352941,60
39,45,14,1.3773062706134371,0.10294117647058823,2025
40,86,6,0.2544105231581527,0.17647058823529413,351
40,84,5,0.13072089947042692,0.14705882352941177,338
40,70,8,0.45091794380120176,0.19047619047619047,481
40,45,12,0.9756657685410333,0.08823529411764706,1755
40,76,6,0.14603613892362144,0.21428571428571427,273
40,41,4,0.08054757343527694,0.26666666666666666,78
40,50,10,0.7089660330944307,0.2857142857142857,416
40,61,2,0.014814814814803842,0.09523809523809523,130
40,49,4,0.07887887887865769,0.25,91
40,82,4,0.07309184184166016,0.25,91
40,124,3,0.04606481481470619,0.2,65
41,81,2,0.014814814814803842,0.10526315789473684,90
41,45,5,0.21672990961658242,0.03676470588235294,810
41,50,4,0.1262206503578598,0.11764705882352941,192
42,43,6,0.23043658983924276,0.17142857142857143,364
42,44,7,0.2361186436736868,0.20588235294117646,364
42,49,3,0.04184184184175782,0.09375,196
42,55,4,0.0642195767194407,0.11764705882352941,280
42,62,14,0.7000034401203508,0.32558139534883723,812
42,84,5,0.10169987616768623,0.10204081632653061,728
42,64,9,0.322145691338375,0.23684210526315788,532
42,63,12,0.5876525211900848,0.36363636363636365,476
42,100,4,0.17850529100319582,0.13333333333333333,168
42,112,5,0.13399870458639873,0.14705882352941177,308
42,80,14,0.5644954225024797,0.34146341463414637,756
42,79,6,0.2401807643172449,0.17647058823529413,336
42,87,4,0.0631184375863934,0.11428571428571428,308
42,98,6,0.3414544361769044,0.20689655172413793,196
42,45,27,1.719966867300042,0.19852941176470587,3780
42,71,4,0.10485312899062152,0.1111111111111111,336
42,70,11,0.5759164576059354,0.2037037037037037,1036
43,79,3,0.050529100528962013,0.13636363636363635,156
43,45,12,0.748703395601151,0.08823529411764706,1755
43,58,6,0.22149870458546644,0.2608695652173913,208
43,64,3,0.050529100528962013,0.10344827586206896,247
43,81,3,0.03564814814809377,0.12,195
43,95,3,0.07731481481441323,0.15,130
44,63,6,0.14288222951972257,0.25,221
44,45,12,0.45793605837806123,0.08823529411764706,1755
44,80,9,0.3005286509714182,0.2903225806451613,351
44,81,4,0.05692474389272935,0.16666666666666666,195
44,94,5,0.1571759259250457,0.13157894736842105,390
44,79,6,0.15214947089898645,0.3157894736842105,156
44,59,7,0.21712962962855537,0.18421052631578946,416
45,63,16,0.8596393936287186,0.11764705882352941,2295
45,62,28,1.5808318142831899,0.20588235294117646,3915
45,80,25,1.2280589508531032,0.18248175182481752,3645
45,70,36,2.4421994676899543,0.2647058823529412,4995
45,87,10,0.4674446182256509,0.07352941176470588,1485
45,56,20,1.0734612300791215,0.14705882352941177,2835
45,69,26,1.0408902685099684,0.19117647058823528,3645
45,103,8,0.9190096939923496,0.058823529411764705,1215
45,106,5,0.45429475917840195,0.03676470588235294,810
45,46,7,0.30807786616439065,0.051470588235294115,1080
45,107,2,0.03597883597874886,0.014705882352941176,405
45,88,18,0.9416735103387718,0.1323529411764706,2565
45,115,7,0.24101860042160694,0.051470588235294115,1080
45,97,3,0.09831649831607961,0.021897810218978103,675
45,119,3,0.12407407407337415,0.022058823529411766,540
45,123,5,0.20294312169198625,0.03676470588235294,810
45,47,13,0.5026837547808122,0.0948905109489051,2025
45,61,9,0.5083495837996008,0.0661764705882353,1350
45,93,14,1.0039428221055786,0.10294117647058823,2025
45,85,12,0.42061944824931374,0.08823529411764706,1755
45,53,16,0.6827155987089957,0.11764705882352941,2295
45,124,4,0.1822471509960117,0.029411764705882353,675
45,59,30,1.6661958010415925,0.21897810218978103,4320
45,125,1,0.007407407407401921,0.007352941176470588,270
45,102,3,0.06572104018893737,0.022058823529411766,540
45,82,6,0.36963453837969745,0.04411764705882353,945
45,52,7,0.42815373623794273,0.051470588235294115,1080
45,81,14,0.744937468494647,0.10294117647058823,2025
45,98,6,0.3697613144836607,0.04411764705882353,945
45,50,31,2.1287730364226136,0.22794117647058823,4320
45,58,15,0.9744276998984696,0.11029411764705882,2160
45,57,7,0.29623015872845965,0.051094890510948905,1215
45,75,7,0.2408596096084516,0.051470588235294115,1080
45,126,1,0.007407407407401921,0.007352941176470588,270
45,83,21,1.158873443713747,0.15441176470588236,2970
45,127,1,0.007407407407401921,0.007352941176470588,270
45,71,11,0.613906988493616,0.08088235294117647,1620
45,96,7,0.38304988350089947,0.051470588235294115,1080
45,72,27,1.4326616893909192,0.19852941176470587,3780
45,92,10,0.714818928621606,0.07352941176470588,1485
45,128,2,0.038657407407304265,0.014705882352941176,405
45,108,2,0.03597883597874886,0.014705882352941176,405
45,95,9,0.4288869726343488,0.0661764705882353,1350
45,84,24,1.1800452915414141,0.17518248175182483,3510
45,110,2,0.03597883597874886,0.014705882352941176,405
45,49,6,0.2111358611348531,0.04411764705882353,945
45,64,18,0.9568812229721378,0.1323529411764706,2565
45,77,13,0.6234502912564397,0.09558823529411764,1890
45,118,2,0.05502645502622279,0.014705882352941176,405
45,129,1,0.007407407407401921,0.007246376811594203,540
45,73,6,0.25818290818133877,0.04411764705882353,945
45,100,5,0.23383919633690603,0.03676470588235294,810
45,130,1,0.007407407407401921,0.007352941176470588,270
45,109,4,0.2502645502619121,0.029411764705882353,675
45,76,20,0.9465996469943453,0.14705882352941177,2835
45,54,19,1.6163155930536657,0.13970588235294118,2700
45,116,2,0.09831649831566638,0.014705882352941176,405
45,99,4,0.12967252967192505,0.029411764705882353,675
45,55,9,0.3317558630043186,0.0661764705882353,1350
45,131,1,0.007407407407401921,0.007352941176470588,270
45,94,29,1.7312619276305967,0.21323529411764705,4050
45,104,12,0.8293790244342811,0.08759124087591241,1890
45,89,11,0.5254805593587425,0.08088235294117647,1620
45,51,8,0.29416597048040405,0.058823529411764705,1215
45,132,1,0.007407407407401921,0.007352941176470588,270
45,66,19,0.785097911445834,0.13970588235294118,2700
45,78,2,0.07407407407362414,0.014705882352941176,405
45,48,15,0.6490308249606617,0.11029411764705882,2160
45,133,1,0.007407407407401921,0.007352941176470588,270
45,111,3,0.06300586300570284,0.022058823529411766,540
45,68,34,1.4457296069319219,0.24817518248175183,4860
45,79,11,0.6531467335288884,0.08088235294117647,1620
45,120,3,0.12407407407337415,0.022058823529411766,540
45,65,15,0.7170223723630127,0.11029411764705882,2160
45,134,1,0.007407407407401921,0.007352941176470588,270
45,86,25,1.6274829550445957,0.18248175182481752,3645
45,67,16,0.653699279933214,0.11764705882352941,2295
45,60,4,0.19813422444877676,0.029411764705882353,675
45,121,3,0.20855683269186154,0.022058823529411766,540
45,91,8,0.33591802570832807,0.058823529411764705,1215
45,117,10,0.390574841356904,0.07352941176470588,1485
45,74,18,0.8804625929047675,0.1323529411764706,2565
45,112,10,0.3715498108863803,0.07352941176470588,1485
45,135,1,0.007407407407401921,0.007352941176470588,270
45,136,1,0.007407407407401921,0.007352941176470588,270
45,90,18,0.7833624422299345,0.1323529411764706,2565
45,113,5,0.150120200573365,0.03676470588235294,810
45,114,2,0.11851851851727846,0.014705882352941176,405
45,105,6,0.3368334243302987,0.04411764705882353,945
45,101,6,0.21432750618592633,0.04411764705882353,945
45,122,2,0.07407407407362414,0.014598540145985401,540
46,58,5,0.1482844188719974,0.2631578947368421,128
47,48,9,0.24511155892653072,0.4090909090909091,240
47,50,8,0.2819676439340503,0.20512820512820512,480
47,59,6,0.19105750487242748,0.14634146341463414,480
47,68,11,0.35374195584016654,0.275,540
47,94,6,0.18897417153910762,0.15384615384615385,450
47,138,0,0,0.0,15
47,90,6,0.11946764393544096,0.21428571428571427,285
47,55,5,0.1016632704130071,0.25,150
47,70,7,0.18464621536360576,0.15555555555555556,555
48,68,13,0.5018488603883479,0.3333333333333333,576
48,56,8,0.2701678652323133,0.27586206896551724,336
48,53,7,0.17883063910930774,0.2692307692307692,272
48,59,9,0.40309962941298527,0.23076923076923078,512
48,85,7,0.18683453189967442,0.3181818181818182,208
48,50,7,0.2295925743176701,0.17073170731707318,512
48,70,9,0.30432083518694863,0.20454545454545456,592
48,94,9,0.4010162960796654,0.24324324324324326,480
48,89,7,0.20667580174079467,0.3333333333333333,192
49,86,5,0.145791945791197,0.1724137931034483,189
49,70,6,0.19151624151530106,0.15789473684210525,259
50,55,4,0.110052910052373,0.10526315789473684,320
50,65,4,0.07707535121307521,0.09090909090909091,512
50,75,4,0.07887887887865769,0.1111111111111111,256
50,68,14,0.5393227264023374,0.25925925925925924,1152
50,76,10,0.3479998171924264,0.23255813953488372,672
50,91,3,0.06243386243362471,0.07894736842105263,288
50,54,5,0.12939769859142886,0.10638297872340426,640
50,82,4,0.11876491876424303,0.11428571428571428,224
50,53,13,0.5228021526549722,0.3611111111111111,544
50,86,12,0.5218503919032408,0.2553191489361702,864
50,52,4,0.10488834422612488,0.1111111111111111,256
50,84,10,0.36046235551693245,0.20833333333333334,832
50,70,13,0.7157784474667065,0.23214285714285715,1184
50,66,9,0.2672593087522517,0.20930232558139536,640
50,51,6,0.19685846560752224,0.17142857142857143,288
50,124,3,0.09173789173728905,0.08823529411764706,160
52,103,3,0.15767195766990588,0.21428571428571427,72
52,105,4,0.17138047137901924,0.36363636363636365,56
52,53,4,0.07731481481460853,0.19047619047619047,136
53,76,9,0.24782803257453312,0.3103448275862069,357
53,70,11,0.3757918480375664,0.2558139534883721,629
53,86,10,0.29667860728690987,0.29411764705882354,459
53,68,11,0.3351368087415685,0.2619047619047619,612
53,84,8,0.216812310029663,0.22857142857142856,442
53,69,10,0.29619783094410057,0.29411764705882354,459
54,56,8,0.4391148390328035,0.24242424242424243,420
54,61,7,0.32216724761854526,0.30434782608695654,200
54,96,7,0.34045729090855137,0.3333333333333333,160
54,119,3,0.08148148148102606,0.14285714285714285,80
54,120,3,0.08148148148102606,0.14285714285714285,80
54,88,8,0.43410230770453306,0.25806451612903225,380
54,58,5,0.21216648275330785,0.16129032258064516,320
54,117,5,0.14621045817786968,0.19230769230769232,220
55,56,3,0.04184184184175782,0.10714285714285714,210
56,88,14,0.6768531455201284,0.5384615384615384,399
56,81,5,0.1232057481271016,0.16129032258064516,315
56,59,10,0.3997737399032158,0.23255813953488372,672
56,61,6,0.2769291523806535,0.24,210
56,96,6,0.251929152381216,0.2608695652173913,168
56,68,12,0.3845501898584184,0.26666666666666666,756
56,94,9,0.36197612085573777,0.21428571428571427,630
56,72,9,0.22814876964203773,0.225,588
56,89,8,0.27418833306867463,0.32,252
56,69,11,0.33093975092613037,0.2972972972972973,567
57,86,4,0.09100529100497165,0.125,243
57,104,3,0.04338624338615078,0.15,126
57,139,0,0,0.0,9
57,71,2,0.014814814814803842,0.10526315789473684,108
58,106,3,0.05829307568418003,0.15789473684210525,96
58,83,5,0.14993386243313686,0.15151515151515152,352
58,117,5,0.13326719576666465,0.22727272727272727,176
58,95,3,0.09173789173728905,0.13043478260869565,160
59,69,16,0.6323921591585098,0.37209302325581395,864
59,62,8,0.26904761904632346,0.1509433962264151,928
59,72,12,0.4197132144375749,0.25,896
59,86,7,0.2040560803711085,0.1346153846153846,864
59,84,12,0.500175652804554,0.2608695652173913,832
59,76,9,0.4596116359231579,0.20454545454545456,672
59,88,8,0.3072306835448676,0.18604651162790697,608
59,67,8,0.21951058200982465,0.1951219512195122,544
59,94,24,1.4033789309996847,0.631578947368421,960
59,68,21,0.8729807315184038,0.44680851063829785,1152
59,85,8,0.25729682111151864,0.21621621621621623,416
59,89,9,0.34961093974085056,0.2571428571428571,384
59,66,6,0.17178649237404525,0.13043478260869565,640
59,65,9,0.3737614237590848,0.23076923076923078,512
59,80,15,0.6284179356407288,0.3409090909090909,864
59,95,5,0.14768518518453533,0.13513513513513514,320
59,146,0,0,0.0,64
59,104,4,0.08518518518492593,0.09523809523809523,448
59,123,5,0.17910052909948582,0.15151515151515152,192
59,79,8,0.4257576873914801,0.2222222222222222,384
59,112,5,0.10925925925894892,0.13157894736842105,352
60,104,2,0.014814814814803842,0.11764705882352941,70
61,96,6,0.19954820000103687,0.5,80
61,88,6,0.27191662105238296,0.2608695652173913,190
62,63,10,0.5223424227916788,0.2777777777777778,493
62,64,12,0.5793064743576624,0.3333333333333333,551
62,69,10,0.2862348486556649,0.21739130434782608,783
62,72,13,0.4387070252648385,0.29545454545454547,812
62,68,13,0.3903372268956112,0.25,1044
62,91,5,0.16330696021021382,0.15151515151515152,261
62,80,14,0.577300441557077,0.3333333333333333,783
62,79,5,0.11881613756576423,0.1388888888888889,348
62,113,3,0.06744639376189526,0.09375,174
62,70,7,0.19288976208328767,0.11864406779661017,1073
62,71,5,0.12072614486369093,0.1388888888888889,348
62,98,5,0.17601929660660293,0.16129032258064516,203
63,83,3,0.03564814814809377,0.08333333333333333,374
63,91,5,0.1389661894193659,0.23809523809523808,153
63,80,10,0.43654927363809354,0.29411764705882354,459
63,98,5,0.15167852581575497,0.2631578947368421,119
63,64,6,0.23316000729630917,0.2,323
63,70,8,0.2485150856057318,0.17391304347826086,629
63,74,5,0.11823073073029466,0.16129032258064516,323
64,67,9,0.27258542336826175,0.3333333333333333,323
64,68,12,0.42060551611378927,0.27906976744186046,684
64,69,9,0.2691893941101991,0.24324324324324326,513
64,91,6,0.21182480654991537,0.2727272727272727,171
64,80,15,0.6169951830900433,0.4838709677419355,513
64,66,7,0.1930630881186808,0.21875,380
64,90,8,0.2422213372766973,0.26666666666666666,361
64,113,3,0.049297573435374595,0.13636363636363635,114
64,72,10,0.31003742923049027,0.2702702702702703,532
65,74,8,0.2914821088718644,0.2962962962962963,304
65,94,9,0.42687289561987124,0.24324324324324326,480
65,92,9,0.32639300270717625,0.5,176
65,72,9,0.3306538998558945,0.2571428571428571,448
65,79,5,0.17030723905619288,0.21739130434782608,192
65,68,11,0.40317374112547666,0.2682926829268293,576
65,95,4,0.07939814814792842,0.18181818181818182,160
66,77,8,0.24449406230282159,0.3076923076923077,280
66,67,11,0.33147294389354987,0.4230769230769231,340
66,80,9,0.2743903886493455,0.23684210526315788,540
66,68,13,0.415115165149491,0.3023255813953488,720
67,72,12,0.4296872296064564,0.36363636363636365,476
67,80,13,0.4997460572306538,0.41935483870967744,459
67,115,6,0.16103104984624322,0.3157894736842105,136
67,68,13,0.4152553164913179,0.325,612
67,83,5,0.0881747438926317,0.14705882352941177,374
67,90,9,0.34699018527167963,0.3333333333333333,323
68,74,11,0.37964080410697704,0.25,684
68,85,11,0.37167764930766817,0.2894736842105263,468
68,86,13,0.42556406075026626,0.26,972
68,80,16,0.5612276884391344,0.3404255319148936,972
68,69,21,0.7482195821340341,0.5,972
68,70,16,0.5695411820745789,0.2807017543859649,1332
68,90,15,0.5618015956710304,0.375,684
68,72,21,0.8023595840954278,0.4883720930232558,1008
68,92,8,0.27778189159644606,0.20512820512820512,396
68,94,16,0.7249155449772611,0.32,1080
68,145,0,0,0.0,36
68,84,14,0.5110726462582066,0.2916666666666667,936
69,86,13,0.43007746390493373,0.3170731707317073,729
69,84,15,0.522462365213879,0.39473684210526316,702
69,76,12,0.38415086580071256,0.3333333333333333,567
69,95,4,0.07939814814792842,0.12121212121212122,270
69,88,10,0.29498536451816776,0.2777777777777778,513
69,80,13,0.41754966167360125,0.3170731707317073,729
69,72,14,0.439586700282762,0.34146341463414637,756
69,94,13,0.5230747444535613,0.29545454545454547,810
69,90,12,0.3578671586497621,0.35294117647058826,513
70,75,6,0.13790665665626065,0.15384615384615385,296
70,86,12,0.6358948920870381,0.23076923076923078,999
70,104,4,0.1129009392162341,0.0851063829787234,518
70,95,3,0.1057239057230683,0.06818181818181818,370
70,87,8,0.34681489759651307,0.2,407
70,112,5,0.12376142376100147,0.11627906976744186,407
70,82,5,0.15001491876414536,0.1282051282051282,259
70,111,2,0.014814814814803842,0.05128205128205128,148
70,73,3,0.04259259259250446,0.07317073170731707,259
70,74,12,0.47812985307483696,0.2727272727272727,703
70,105,4,0.08110269360243261,0.1,259
70,93,6,0.16422575608453635,0.13043478260869565,555
70,76,10,0.3747427300763688,0.20833333333333334,777
71,72,8,0.383219157807578,0.25,336
71,73,4,0.1274521774514472,0.26666666666666666,84
71,74,5,0.18300773300669412,0.19230769230769232,228
72,74,11,0.477155901620989,0.3055555555555556,532
72,73,4,0.17507122506992795,0.12903225806451613,196
72,80,14,0.5371980630928823,0.34146341463414637,756
72,92,7,0.2365120503267663,0.21875,308
72,117,4,0.056924743892729356,0.11428571428571428,308
72,115,5,0.13150871459641233,0.16129032258064516,224
74,92,7,0.21959475709383305,0.30434782608695654,209
74,87,4,0.0631184375863934,0.15384615384615385,209
74,104,3,0.04184184184175782,0.1,266
75,86,5,0.10011886886861414,0.16666666666666666,216
75,89,3,0.04184184184175782,0.17647058823529413,96
76,84,15,0.6105574694263444,0.46875,546
76,93,7,0.19267728453598099,0.2413793103448276,315
76,123,4,0.07939814814792842,0.17391304347826086,126
76,94,9,0.45752830258983795,0.21428571428571427,630
76,89,7,0.19751829258336434,0.2692307692307692,252
77,112,2,0.014814814814803842,0.08695652173913043,154
77,81,5,0.10182416917991252,0.20833333333333334,210
79,80,6,0.19318493607192033,0.18181818181818182,324
79,92,4,0.11064814814763546,0.21052631578947367,132
79,94,7,0.4430636493089541,0.2,360
79,123,4,0.07939814814792842,0.2857142857142857,72
80,91,5,0.1607526817938847,0.16129032258064516,243
80,104,4,0.07463624338605312,0.10810810810810811,378
80,90,12,0.4706821795513538,0.35294117647058826,513
80,84,9,0.2490735186065388,0.20454545454545456,702
80,143,0,0,0.0,27
80,115,7,0.211388970792109,0.25,216
81,88,6,0.15665475526022157,0.21428571428571427,285
81,84,4,0.08872298950653085,0.10810810810810811,390
82,109,2,0.014814814814803842,0.2,35
83,103,3,0.09173789173728905,0.10714285714285714,198
83,94,3,0.06026936026914269,0.061224489795918366,660
83,87,4,0.11301448748192464,0.13793103448275862,242
84,85,9,0.26803753941811276,0.3,338
84,86,17,0.7504906356735997,0.4722222222222222,702
84,89,8,0.25930738068788606,0.26666666666666666,312
84,88,12,0.46260848213993955,0.36363636363636365,494
84,93,8,0.36385526463617446,0.24242424242424243,390
84,94,11,0.46105528243433436,0.24444444444444444,780
84,148,0,0,0.0,26
84,101,5,0.1397951142625615,0.17857142857142858,182
84,90,11,0.35512087958744665,0.3235294117647059,494
85,90,7,0.16443036442989653,0.28,247
85,94,8,0.25521348777819874,0.22857142857142856,390
86,90,9,0.24258526705255223,0.24324324324324326,513
86,93,8,0.335534427391083,0.23529411764705882,405
86,101,6,0.1846978765564284,0.21428571428571427,189
86,94,7,0.2019727470377886,0.14,810
86,142,0,0,0.0,27
86,102,3,0.03609141055943942,0.10714285714285714,108
86,117,3,0.03609141055943942,0.08571428571428572,297
87,95,3,0.04184184184175782,0.16666666666666666,110
88,96,7,0.33782571196121,0.35,152
88,89,8,0.2451373402021852,0.34782608695652173,228
88,94,8,0.30514735021154776,0.1951219512195122,570
88,93,4,0.07455294902082996,0.13333333333333333,285
89,94,9,0.34752760640753066,0.2727272727272727,360
90,115,6,0.16008014316775926,0.2857142857142857,152
92,94,7,0.2672138047123138,0.20588235294117646,330
92,116,2,0.014814814814803842,0.16666666666666666,33
93,99,2,0.014814814814803842,0.1111111111111111,75
93,101,6,0.15506824692710602,0.375,105
93,124,2,0.014814814814803842,0.1111111111111111,75
94,123,5,0.17701719576616592,0.16129032258064516,180
94,95,5,0.14560185185121544,0.14285714285714285,300
94,104,4,0.10162037036995311,0.1,420
94,112,5,0.10717592592562904,0.1388888888888889,330
97,137,0,0,0.0,5
98,100,3,0.050529100528962013,0.3,42
103,105,3,0.13981481481324134,0.23076923076923078,63
103,114,2,0.014814814814803842,0.2,27
104,109,3,0.04338624338615078,0.1875,70
104,141,0,0,0.0,14
106,121,2,0.014814814814803842,0.25,24
122,140,0,0,0.0,4
129,129,2,0.014814814814803842,0.3333333333333333,16
146,147,0,0,0.0,2
